SeqName	Start	End	Score	Strand	Motif
KAJ7421106.1	96	99	4	+	ASN_GLYCOSYLATION
KAJ7421106.1	141	144	4	+	CAMP_PHOSPHO_SITE
KAJ7421106.1	284	286	3	+	PKC_PHOSPHO_SITE
KAJ7421106.1	206	208	3	+	PKC_PHOSPHO_SITE
KAJ7421106.1	247	250	4	+	CK2_PHOSPHO_SITE
KAJ7421106.1	98	101	4	+	CK2_PHOSPHO_SITE
KAJ7421106.1	298	303	6	+	MYRISTYL
KAJ7421106.1	273	278	6	+	MYRISTYL
KAJ7421106.1	271	276	6	+	MYRISTYL
KAJ7421106.1	267	272	6	+	MYRISTYL
KAJ7421106.1	189	194	6	+	MYRISTYL
KAJ7421106.1	185	190	6	+	MYRISTYL
KAJ7421106.1	114	119	6	+	MYRISTYL
KAJ7421106.1	12	17	6	+	MYRISTYL
KAJ7421106.1	139	142	4	+	AMIDATION
KAJ7396366.1	96	99	4	+	ASN_GLYCOSYLATION
KAJ7396366.1	141	144	4	+	CAMP_PHOSPHO_SITE
KAJ7396366.1	284	286	3	+	PKC_PHOSPHO_SITE
KAJ7396366.1	146	148	3	+	PKC_PHOSPHO_SITE
KAJ7396366.1	247	250	4	+	CK2_PHOSPHO_SITE
KAJ7396366.1	98	101	4	+	CK2_PHOSPHO_SITE
KAJ7396366.1	298	303	6	+	MYRISTYL
KAJ7396366.1	273	278	6	+	MYRISTYL
KAJ7396366.1	271	276	6	+	MYRISTYL
KAJ7396366.1	267	272	6	+	MYRISTYL
KAJ7396366.1	189	194	6	+	MYRISTYL
KAJ7396366.1	185	190	6	+	MYRISTYL
KAJ7396366.1	114	119	6	+	MYRISTYL
KAJ7396366.1	12	17	6	+	MYRISTYL
KAJ7396366.1	139	142	4	+	AMIDATION
KAI6072612.1	96	99	4	+	ASN_GLYCOSYLATION
KAI6072612.1	141	144	4	+	CAMP_PHOSPHO_SITE
KAI6072612.1	284	286	3	+	PKC_PHOSPHO_SITE
KAI6072612.1	206	208	3	+	PKC_PHOSPHO_SITE
KAI6072612.1	146	148	3	+	PKC_PHOSPHO_SITE
KAI6072612.1	139	141	3	+	PKC_PHOSPHO_SITE
KAI6072612.1	247	250	4	+	CK2_PHOSPHO_SITE
KAI6072612.1	298	303	6	+	MYRISTYL
KAI6072612.1	273	278	6	+	MYRISTYL
KAI6072612.1	271	276	6	+	MYRISTYL
KAI6072612.1	267	272	6	+	MYRISTYL
KAI6072612.1	189	194	6	+	MYRISTYL
KAI6072612.1	185	190	6	+	MYRISTYL
KAI6072612.1	114	119	6	+	MYRISTYL
KAI6072612.1	12	17	6	+	MYRISTYL
KAI6072612.1	139	142	4	+	AMIDATION
KAI1230272.1	96	99	4	+	ASN_GLYCOSYLATION
KAI1230272.1	296	298	3	+	PKC_PHOSPHO_SITE
KAI1230272.1	146	148	3	+	PKC_PHOSPHO_SITE
KAI1230272.1	259	262	4	+	CK2_PHOSPHO_SITE
KAI1230272.1	98	101	4	+	CK2_PHOSPHO_SITE
KAI1230272.1	310	315	6	+	MYRISTYL
KAI1230272.1	285	290	6	+	MYRISTYL
KAI1230272.1	283	288	6	+	MYRISTYL
KAI1230272.1	279	284	6	+	MYRISTYL
KAI1230272.1	201	206	6	+	MYRISTYL
KAI1230272.1	168	173	6	+	MYRISTYL
KAI1230272.1	114	119	6	+	MYRISTYL
KAI1230272.1	12	17	6	+	MYRISTYL
XP_040473657.1	96	99	4	+	ASN_GLYCOSYLATION
XP_040473657.1	141	144	4	+	CAMP_PHOSPHO_SITE
XP_040473657.1	284	286	3	+	PKC_PHOSPHO_SITE
XP_040473657.1	206	208	3	+	PKC_PHOSPHO_SITE
XP_040473657.1	146	148	3	+	PKC_PHOSPHO_SITE
XP_040473657.1	247	250	4	+	CK2_PHOSPHO_SITE
XP_040473657.1	98	101	4	+	CK2_PHOSPHO_SITE
XP_040473657.1	298	303	6	+	MYRISTYL
XP_040473657.1	273	278	6	+	MYRISTYL
XP_040473657.1	271	276	6	+	MYRISTYL
XP_040473657.1	267	272	6	+	MYRISTYL
XP_040473657.1	189	194	6	+	MYRISTYL
XP_040473657.1	185	190	6	+	MYRISTYL
XP_040473657.1	114	119	6	+	MYRISTYL
XP_040473657.1	12	17	6	+	MYRISTYL
XP_040473657.1	139	142	4	+	AMIDATION
XP_040392851.1	96	99	4	+	ASN_GLYCOSYLATION
XP_040392851.1	141	144	4	+	CAMP_PHOSPHO_SITE
XP_040392851.1	284	286	3	+	PKC_PHOSPHO_SITE
XP_040392851.1	206	208	3	+	PKC_PHOSPHO_SITE
XP_040392851.1	146	148	3	+	PKC_PHOSPHO_SITE
XP_040392851.1	139	141	3	+	PKC_PHOSPHO_SITE
XP_040392851.1	298	303	6	+	MYRISTYL
XP_040392851.1	273	278	6	+	MYRISTYL
XP_040392851.1	271	276	6	+	MYRISTYL
XP_040392851.1	267	272	6	+	MYRISTYL
XP_040392851.1	189	194	6	+	MYRISTYL
XP_040392851.1	185	190	6	+	MYRISTYL
XP_040392851.1	114	119	6	+	MYRISTYL
XP_040392851.1	12	17	6	+	MYRISTYL
XP_040392851.1	139	142	4	+	AMIDATION
XP_039553177.1	96	99	4	+	ASN_GLYCOSYLATION
XP_039553177.1	247	250	4	+	CK2_PHOSPHO_SITE
XP_039553177.1	98	101	4	+	CK2_PHOSPHO_SITE
XP_039553177.1	298	303	6	+	MYRISTYL
XP_039553177.1	273	278	6	+	MYRISTYL
XP_039553177.1	271	276	6	+	MYRISTYL
XP_039553177.1	267	272	6	+	MYRISTYL
XP_039553177.1	189	194	6	+	MYRISTYL
XP_039553177.1	185	190	6	+	MYRISTYL
XP_039553177.1	140	145	6	+	MYRISTYL
XP_039553177.1	114	119	6	+	MYRISTYL
XP_039553177.1	12	17	6	+	MYRISTYL
XP_010411101.1	204	207	4	+	ASN_GLYCOSYLATION
XP_010411101.1	96	99	4	+	ASN_GLYCOSYLATION
XP_010411101.1	141	144	4	+	CAMP_PHOSPHO_SITE
XP_010411101.1	206	208	3	+	PKC_PHOSPHO_SITE
XP_010411101.1	146	148	3	+	PKC_PHOSPHO_SITE
XP_010411101.1	247	250	4	+	CK2_PHOSPHO_SITE
XP_010411101.1	136	139	4	+	CK2_PHOSPHO_SITE
XP_010411101.1	98	101	4	+	CK2_PHOSPHO_SITE
XP_010411101.1	273	278	6	+	MYRISTYL
XP_010411101.1	271	276	6	+	MYRISTYL
XP_010411101.1	267	272	6	+	MYRISTYL
XP_010411101.1	189	194	6	+	MYRISTYL
XP_010411101.1	185	190	6	+	MYRISTYL
XP_010411101.1	114	119	6	+	MYRISTYL
XP_010411101.1	12	17	6	+	MYRISTYL
XP_010411101.1	139	142	4	+	AMIDATION
XP_027601652.2	96	99	4	+	ASN_GLYCOSYLATION
XP_027601652.2	95	98	4	+	ASN_GLYCOSYLATION
XP_027601652.2	141	144	4	+	CAMP_PHOSPHO_SITE
XP_027601652.2	247	250	4	+	CK2_PHOSPHO_SITE
XP_027601652.2	98	101	4	+	CK2_PHOSPHO_SITE
XP_027601652.2	298	303	6	+	MYRISTYL
XP_027601652.2	273	278	6	+	MYRISTYL
XP_027601652.2	271	276	6	+	MYRISTYL
XP_027601652.2	267	272	6	+	MYRISTYL
XP_027601652.2	189	194	6	+	MYRISTYL
XP_027601652.2	185	190	6	+	MYRISTYL
XP_027601652.2	114	119	6	+	MYRISTYL
XP_027601652.2	12	17	6	+	MYRISTYL
XP_027601652.2	139	142	4	+	AMIDATION
XP_038019160.1	96	99	4	+	ASN_GLYCOSYLATION
XP_038019160.1	284	286	3	+	PKC_PHOSPHO_SITE
XP_038019160.1	247	250	4	+	CK2_PHOSPHO_SITE
XP_038019160.1	98	101	4	+	CK2_PHOSPHO_SITE
XP_038019160.1	298	303	6	+	MYRISTYL
XP_038019160.1	273	278	6	+	MYRISTYL
XP_038019160.1	271	276	6	+	MYRISTYL
XP_038019160.1	267	272	6	+	MYRISTYL
XP_038019160.1	189	194	6	+	MYRISTYL
XP_038019160.1	185	190	6	+	MYRISTYL
XP_038019160.1	114	119	6	+	MYRISTYL
XP_038019160.1	12	17	6	+	MYRISTYL
XP_037266979.1	96	99	4	+	ASN_GLYCOSYLATION
XP_037266979.1	141	144	4	+	CAMP_PHOSPHO_SITE
XP_037266979.1	284	286	3	+	PKC_PHOSPHO_SITE
XP_037266979.1	206	208	3	+	PKC_PHOSPHO_SITE
XP_037266979.1	146	148	3	+	PKC_PHOSPHO_SITE
XP_037266979.1	247	250	4	+	CK2_PHOSPHO_SITE
XP_037266979.1	98	101	4	+	CK2_PHOSPHO_SITE
XP_037266979.1	298	303	6	+	MYRISTYL
XP_037266979.1	273	278	6	+	MYRISTYL
XP_037266979.1	271	276	6	+	MYRISTYL
XP_037266979.1	267	272	6	+	MYRISTYL
XP_037266979.1	189	194	6	+	MYRISTYL
XP_037266979.1	185	190	6	+	MYRISTYL
XP_037266979.1	114	119	6	+	MYRISTYL
XP_037266979.1	12	17	6	+	MYRISTYL
XP_037266979.1	139	142	4	+	AMIDATION
KAF4787459.1	96	99	4	+	ASN_GLYCOSYLATION
KAF4787459.1	141	144	4	+	CAMP_PHOSPHO_SITE
KAF4787459.1	284	286	3	+	PKC_PHOSPHO_SITE
KAF4787459.1	146	148	3	+	PKC_PHOSPHO_SITE
KAF4787459.1	247	250	4	+	CK2_PHOSPHO_SITE
KAF4787459.1	98	101	4	+	CK2_PHOSPHO_SITE
KAF4787459.1	298	303	6	+	MYRISTYL
KAF4787459.1	273	278	6	+	MYRISTYL
KAF4787459.1	271	276	6	+	MYRISTYL
KAF4787459.1	267	272	6	+	MYRISTYL
KAF4787459.1	189	194	6	+	MYRISTYL
KAF4787459.1	185	190	6	+	MYRISTYL
KAF4787459.1	114	119	6	+	MYRISTYL
KAF4787459.1	12	17	6	+	MYRISTYL
KAF4787459.1	139	142	4	+	AMIDATION
XP_015506695.1	204	207	4	+	ASN_GLYCOSYLATION
XP_015506695.1	96	99	4	+	ASN_GLYCOSYLATION
XP_015506695.1	284	286	3	+	PKC_PHOSPHO_SITE
XP_015506695.1	146	148	3	+	PKC_PHOSPHO_SITE
XP_015506695.1	247	250	4	+	CK2_PHOSPHO_SITE
XP_015506695.1	98	101	4	+	CK2_PHOSPHO_SITE
XP_015506695.1	298	303	6	+	MYRISTYL
XP_015506695.1	273	278	6	+	MYRISTYL
XP_015506695.1	271	276	6	+	MYRISTYL
XP_015506695.1	267	272	6	+	MYRISTYL
XP_015506695.1	189	194	6	+	MYRISTYL
XP_015506695.1	185	190	6	+	MYRISTYL
XP_015506695.1	114	119	6	+	MYRISTYL
XP_015506695.1	12	17	6	+	MYRISTYL
XP_030364364.1	96	99	4	+	ASN_GLYCOSYLATION
XP_030364364.1	54	57	4	+	ASN_GLYCOSYLATION
XP_030364364.1	284	286	3	+	PKC_PHOSPHO_SITE
XP_030364364.1	206	208	3	+	PKC_PHOSPHO_SITE
XP_030364364.1	146	148	3	+	PKC_PHOSPHO_SITE
XP_030364364.1	98	101	4	+	CK2_PHOSPHO_SITE
XP_030364364.1	298	303	6	+	MYRISTYL
XP_030364364.1	271	276	6	+	MYRISTYL
XP_030364364.1	267	272	6	+	MYRISTYL
XP_030364364.1	189	194	6	+	MYRISTYL
XP_030364364.1	185	190	6	+	MYRISTYL
XP_030364364.1	114	119	6	+	MYRISTYL
XP_030364364.1	12	17	6	+	MYRISTYL
XP_030364364.1	139	142	4	+	AMIDATION
XP_032566992.1	96	99	4	+	ASN_GLYCOSYLATION
XP_032566992.1	95	98	4	+	ASN_GLYCOSYLATION
XP_032566992.1	141	144	4	+	CAMP_PHOSPHO_SITE
XP_032566992.1	247	250	4	+	CK2_PHOSPHO_SITE
XP_032566992.1	98	101	4	+	CK2_PHOSPHO_SITE
XP_032566992.1	298	303	6	+	MYRISTYL
XP_032566992.1	273	278	6	+	MYRISTYL
XP_032566992.1	271	276	6	+	MYRISTYL
XP_032566992.1	267	272	6	+	MYRISTYL
XP_032566992.1	189	194	6	+	MYRISTYL
XP_032566992.1	185	190	6	+	MYRISTYL
XP_032566992.1	114	119	6	+	MYRISTYL
XP_032566992.1	12	17	6	+	MYRISTYL
XP_032566992.1	139	142	4	+	AMIDATION
XP_015741500.1	170	173	4	+	ASN_GLYCOSYLATION
XP_015741500.1	368	370	3	+	PKC_PHOSPHO_SITE
XP_015741500.1	358	360	3	+	PKC_PHOSPHO_SITE
XP_015741500.1	280	282	3	+	PKC_PHOSPHO_SITE
XP_015741500.1	220	222	3	+	PKC_PHOSPHO_SITE
XP_015741500.1	30	32	3	+	PKC_PHOSPHO_SITE
XP_015741500.1	372	377	6	+	MYRISTYL
XP_015741500.1	347	352	6	+	MYRISTYL
XP_015741500.1	345	350	6	+	MYRISTYL
XP_015741500.1	341	346	6	+	MYRISTYL
XP_015741500.1	263	268	6	+	MYRISTYL
XP_015741500.1	259	264	6	+	MYRISTYL
XP_015741500.1	188	193	6	+	MYRISTYL
XP_015741500.1	86	91	6	+	MYRISTYL
XP_015741500.1	67	70	4	+	AMIDATION
KAF1671963.1	96	99	4	+	ASN_GLYCOSYLATION
KAF1671963.1	141	144	4	+	CAMP_PHOSPHO_SITE
KAF1671963.1	284	286	3	+	PKC_PHOSPHO_SITE
KAF1671963.1	146	148	3	+	PKC_PHOSPHO_SITE
KAF1671963.1	98	101	4	+	CK2_PHOSPHO_SITE
KAF1671963.1	298	303	6	+	MYRISTYL
KAF1671963.1	273	278	6	+	MYRISTYL
KAF1671963.1	271	276	6	+	MYRISTYL
KAF1671963.1	267	272	6	+	MYRISTYL
KAF1671963.1	189	194	6	+	MYRISTYL
KAF1671963.1	185	190	6	+	MYRISTYL
KAF1671963.1	114	119	6	+	MYRISTYL
KAF1671963.1	12	17	6	+	MYRISTYL
KAF1671963.1	139	142	4	+	AMIDATION
KAF1663616.1	96	99	4	+	ASN_GLYCOSYLATION
KAF1663616.1	141	144	4	+	CAMP_PHOSPHO_SITE
KAF1663616.1	284	286	3	+	PKC_PHOSPHO_SITE
KAF1663616.1	146	148	3	+	PKC_PHOSPHO_SITE
KAF1663616.1	98	101	4	+	CK2_PHOSPHO_SITE
KAF1663616.1	298	303	6	+	MYRISTYL
KAF1663616.1	273	278	6	+	MYRISTYL
KAF1663616.1	271	276	6	+	MYRISTYL
KAF1663616.1	267	272	6	+	MYRISTYL
KAF1663616.1	189	194	6	+	MYRISTYL
KAF1663616.1	185	190	6	+	MYRISTYL
KAF1663616.1	114	119	6	+	MYRISTYL
KAF1663616.1	12	17	6	+	MYRISTYL
KAF1663616.1	139	142	4	+	AMIDATION
KAF1642821.1	96	99	4	+	ASN_GLYCOSYLATION
KAF1642821.1	141	144	4	+	CAMP_PHOSPHO_SITE
KAF1642821.1	284	286	3	+	PKC_PHOSPHO_SITE
KAF1642821.1	146	148	3	+	PKC_PHOSPHO_SITE
KAF1642821.1	98	101	4	+	CK2_PHOSPHO_SITE
KAF1642821.1	298	303	6	+	MYRISTYL
KAF1642821.1	273	278	6	+	MYRISTYL
KAF1642821.1	271	276	6	+	MYRISTYL
KAF1642821.1	267	272	6	+	MYRISTYL
KAF1642821.1	189	194	6	+	MYRISTYL
KAF1642821.1	185	190	6	+	MYRISTYL
KAF1642821.1	114	119	6	+	MYRISTYL
KAF1642821.1	12	17	6	+	MYRISTYL
KAF1642821.1	139	142	4	+	AMIDATION
KAF1627266.1	96	99	4	+	ASN_GLYCOSYLATION
KAF1627266.1	141	144	4	+	CAMP_PHOSPHO_SITE
KAF1627266.1	284	286	3	+	PKC_PHOSPHO_SITE
KAF1627266.1	146	148	3	+	PKC_PHOSPHO_SITE
KAF1627266.1	98	101	4	+	CK2_PHOSPHO_SITE
KAF1627266.1	298	303	6	+	MYRISTYL
KAF1627266.1	273	278	6	+	MYRISTYL
KAF1627266.1	271	276	6	+	MYRISTYL
KAF1627266.1	267	272	6	+	MYRISTYL
KAF1627266.1	189	194	6	+	MYRISTYL
KAF1627266.1	185	190	6	+	MYRISTYL
KAF1627266.1	114	119	6	+	MYRISTYL
KAF1627266.1	12	17	6	+	MYRISTYL
KAF1627266.1	139	142	4	+	AMIDATION
KAF1604860.1	96	99	4	+	ASN_GLYCOSYLATION
KAF1604860.1	141	144	4	+	CAMP_PHOSPHO_SITE
KAF1604860.1	284	286	3	+	PKC_PHOSPHO_SITE
KAF1604860.1	146	148	3	+	PKC_PHOSPHO_SITE
KAF1604860.1	98	101	4	+	CK2_PHOSPHO_SITE
KAF1604860.1	298	303	6	+	MYRISTYL
KAF1604860.1	273	278	6	+	MYRISTYL
KAF1604860.1	271	276	6	+	MYRISTYL
KAF1604860.1	267	272	6	+	MYRISTYL
KAF1604860.1	189	194	6	+	MYRISTYL
KAF1604860.1	185	190	6	+	MYRISTYL
KAF1604860.1	114	119	6	+	MYRISTYL
KAF1604860.1	12	17	6	+	MYRISTYL
KAF1604860.1	139	142	4	+	AMIDATION
KAF1584371.1	96	99	4	+	ASN_GLYCOSYLATION
KAF1584371.1	141	144	4	+	CAMP_PHOSPHO_SITE
KAF1584371.1	284	286	3	+	PKC_PHOSPHO_SITE
KAF1584371.1	146	148	3	+	PKC_PHOSPHO_SITE
KAF1584371.1	98	101	4	+	CK2_PHOSPHO_SITE
KAF1584371.1	298	303	6	+	MYRISTYL
KAF1584371.1	273	278	6	+	MYRISTYL
KAF1584371.1	271	276	6	+	MYRISTYL
KAF1584371.1	267	272	6	+	MYRISTYL
KAF1584371.1	189	194	6	+	MYRISTYL
KAF1584371.1	185	190	6	+	MYRISTYL
KAF1584371.1	114	119	6	+	MYRISTYL
KAF1584371.1	12	17	6	+	MYRISTYL
KAF1584371.1	139	142	4	+	AMIDATION
KAF1578265.1	96	99	4	+	ASN_GLYCOSYLATION
KAF1578265.1	141	144	4	+	CAMP_PHOSPHO_SITE
KAF1578265.1	284	286	3	+	PKC_PHOSPHO_SITE
KAF1578265.1	146	148	3	+	PKC_PHOSPHO_SITE
KAF1578265.1	98	101	4	+	CK2_PHOSPHO_SITE
KAF1578265.1	298	303	6	+	MYRISTYL
KAF1578265.1	273	278	6	+	MYRISTYL
KAF1578265.1	271	276	6	+	MYRISTYL
KAF1578265.1	267	272	6	+	MYRISTYL
KAF1578265.1	189	194	6	+	MYRISTYL
KAF1578265.1	185	190	6	+	MYRISTYL
KAF1578265.1	114	119	6	+	MYRISTYL
KAF1578265.1	12	17	6	+	MYRISTYL
KAF1578265.1	139	142	4	+	AMIDATION
KAF1561075.1	96	99	4	+	ASN_GLYCOSYLATION
KAF1561075.1	141	144	4	+	CAMP_PHOSPHO_SITE
KAF1561075.1	284	286	3	+	PKC_PHOSPHO_SITE
KAF1561075.1	146	148	3	+	PKC_PHOSPHO_SITE
KAF1561075.1	98	101	4	+	CK2_PHOSPHO_SITE
KAF1561075.1	298	303	6	+	MYRISTYL
KAF1561075.1	273	278	6	+	MYRISTYL
KAF1561075.1	271	276	6	+	MYRISTYL
KAF1561075.1	267	272	6	+	MYRISTYL
KAF1561075.1	189	194	6	+	MYRISTYL
KAF1561075.1	185	190	6	+	MYRISTYL
KAF1561075.1	114	119	6	+	MYRISTYL
KAF1561075.1	12	17	6	+	MYRISTYL
KAF1561075.1	139	142	4	+	AMIDATION
KAF1548696.1	96	99	4	+	ASN_GLYCOSYLATION
KAF1548696.1	141	144	4	+	CAMP_PHOSPHO_SITE
KAF1548696.1	284	286	3	+	PKC_PHOSPHO_SITE
KAF1548696.1	146	148	3	+	PKC_PHOSPHO_SITE
KAF1548696.1	98	101	4	+	CK2_PHOSPHO_SITE
KAF1548696.1	298	303	6	+	MYRISTYL
KAF1548696.1	273	278	6	+	MYRISTYL
KAF1548696.1	271	276	6	+	MYRISTYL
KAF1548696.1	267	272	6	+	MYRISTYL
KAF1548696.1	189	194	6	+	MYRISTYL
KAF1548696.1	185	190	6	+	MYRISTYL
KAF1548696.1	114	119	6	+	MYRISTYL
KAF1548696.1	12	17	6	+	MYRISTYL
KAF1548696.1	139	142	4	+	AMIDATION
KAF1546409.1	96	99	4	+	ASN_GLYCOSYLATION
KAF1546409.1	141	144	4	+	CAMP_PHOSPHO_SITE
KAF1546409.1	284	286	3	+	PKC_PHOSPHO_SITE
KAF1546409.1	146	148	3	+	PKC_PHOSPHO_SITE
KAF1546409.1	98	101	4	+	CK2_PHOSPHO_SITE
KAF1546409.1	298	303	6	+	MYRISTYL
KAF1546409.1	273	278	6	+	MYRISTYL
KAF1546409.1	271	276	6	+	MYRISTYL
KAF1546409.1	267	272	6	+	MYRISTYL
KAF1546409.1	189	194	6	+	MYRISTYL
KAF1546409.1	185	190	6	+	MYRISTYL
KAF1546409.1	114	119	6	+	MYRISTYL
KAF1546409.1	12	17	6	+	MYRISTYL
KAF1546409.1	139	142	4	+	AMIDATION
KAF1524284.1	96	99	4	+	ASN_GLYCOSYLATION
KAF1524284.1	141	144	4	+	CAMP_PHOSPHO_SITE
KAF1524284.1	284	286	3	+	PKC_PHOSPHO_SITE
KAF1524284.1	146	148	3	+	PKC_PHOSPHO_SITE
KAF1524284.1	98	101	4	+	CK2_PHOSPHO_SITE
KAF1524284.1	298	303	6	+	MYRISTYL
KAF1524284.1	273	278	6	+	MYRISTYL
KAF1524284.1	271	276	6	+	MYRISTYL
KAF1524284.1	267	272	6	+	MYRISTYL
KAF1524284.1	189	194	6	+	MYRISTYL
KAF1524284.1	185	190	6	+	MYRISTYL
KAF1524284.1	114	119	6	+	MYRISTYL
KAF1524284.1	12	17	6	+	MYRISTYL
KAF1524284.1	139	142	4	+	AMIDATION
KAF1488921.1	204	207	4	+	ASN_GLYCOSYLATION
KAF1488921.1	96	99	4	+	ASN_GLYCOSYLATION
KAF1488921.1	141	144	4	+	CAMP_PHOSPHO_SITE
KAF1488921.1	284	286	3	+	PKC_PHOSPHO_SITE
KAF1488921.1	146	148	3	+	PKC_PHOSPHO_SITE
KAF1488921.1	98	101	4	+	CK2_PHOSPHO_SITE
KAF1488921.1	298	303	6	+	MYRISTYL
KAF1488921.1	273	278	6	+	MYRISTYL
KAF1488921.1	271	276	6	+	MYRISTYL
KAF1488921.1	267	272	6	+	MYRISTYL
KAF1488921.1	189	194	6	+	MYRISTYL
KAF1488921.1	185	190	6	+	MYRISTYL
KAF1488921.1	114	119	6	+	MYRISTYL
KAF1488921.1	12	17	6	+	MYRISTYL
KAF1488921.1	139	142	4	+	AMIDATION
KAF1487788.1	96	99	4	+	ASN_GLYCOSYLATION
KAF1487788.1	141	144	4	+	CAMP_PHOSPHO_SITE
KAF1487788.1	284	286	3	+	PKC_PHOSPHO_SITE
KAF1487788.1	146	148	3	+	PKC_PHOSPHO_SITE
KAF1487788.1	98	101	4	+	CK2_PHOSPHO_SITE
KAF1487788.1	298	303	6	+	MYRISTYL
KAF1487788.1	273	278	6	+	MYRISTYL
KAF1487788.1	271	276	6	+	MYRISTYL
KAF1487788.1	267	272	6	+	MYRISTYL
KAF1487788.1	189	194	6	+	MYRISTYL
KAF1487788.1	185	190	6	+	MYRISTYL
KAF1487788.1	114	119	6	+	MYRISTYL
KAF1487788.1	12	17	6	+	MYRISTYL
KAF1487788.1	139	142	4	+	AMIDATION
KAF1473286.1	96	99	4	+	ASN_GLYCOSYLATION
KAF1473286.1	141	144	4	+	CAMP_PHOSPHO_SITE
KAF1473286.1	284	286	3	+	PKC_PHOSPHO_SITE
KAF1473286.1	146	148	3	+	PKC_PHOSPHO_SITE
KAF1473286.1	98	101	4	+	CK2_PHOSPHO_SITE
KAF1473286.1	298	303	6	+	MYRISTYL
KAF1473286.1	273	278	6	+	MYRISTYL
KAF1473286.1	271	276	6	+	MYRISTYL
KAF1473286.1	267	272	6	+	MYRISTYL
KAF1473286.1	189	194	6	+	MYRISTYL
KAF1473286.1	185	190	6	+	MYRISTYL
KAF1473286.1	114	119	6	+	MYRISTYL
KAF1473286.1	12	17	6	+	MYRISTYL
KAF1473286.1	139	142	4	+	AMIDATION
KAF1471003.1	96	99	4	+	ASN_GLYCOSYLATION
KAF1471003.1	141	144	4	+	CAMP_PHOSPHO_SITE
KAF1471003.1	284	286	3	+	PKC_PHOSPHO_SITE
KAF1471003.1	146	148	3	+	PKC_PHOSPHO_SITE
KAF1471003.1	98	101	4	+	CK2_PHOSPHO_SITE
KAF1471003.1	298	303	6	+	MYRISTYL
KAF1471003.1	273	278	6	+	MYRISTYL
KAF1471003.1	271	276	6	+	MYRISTYL
KAF1471003.1	267	272	6	+	MYRISTYL
KAF1471003.1	189	194	6	+	MYRISTYL
KAF1471003.1	185	190	6	+	MYRISTYL
KAF1471003.1	114	119	6	+	MYRISTYL
KAF1471003.1	12	17	6	+	MYRISTYL
KAF1471003.1	139	142	4	+	AMIDATION
KAF1464176.1	96	99	4	+	ASN_GLYCOSYLATION
KAF1464176.1	141	144	4	+	CAMP_PHOSPHO_SITE
KAF1464176.1	284	286	3	+	PKC_PHOSPHO_SITE
KAF1464176.1	146	148	3	+	PKC_PHOSPHO_SITE
KAF1464176.1	98	101	4	+	CK2_PHOSPHO_SITE
KAF1464176.1	298	303	6	+	MYRISTYL
KAF1464176.1	273	278	6	+	MYRISTYL
KAF1464176.1	271	276	6	+	MYRISTYL
KAF1464176.1	267	272	6	+	MYRISTYL
KAF1464176.1	189	194	6	+	MYRISTYL
KAF1464176.1	185	190	6	+	MYRISTYL
KAF1464176.1	114	119	6	+	MYRISTYL
KAF1464176.1	12	17	6	+	MYRISTYL
KAF1464176.1	139	142	4	+	AMIDATION
KAF1464082.1	96	99	4	+	ASN_GLYCOSYLATION
KAF1464082.1	141	144	4	+	CAMP_PHOSPHO_SITE
KAF1464082.1	284	286	3	+	PKC_PHOSPHO_SITE
KAF1464082.1	146	148	3	+	PKC_PHOSPHO_SITE
KAF1464082.1	98	101	4	+	CK2_PHOSPHO_SITE
KAF1464082.1	298	303	6	+	MYRISTYL
KAF1464082.1	273	278	6	+	MYRISTYL
KAF1464082.1	271	276	6	+	MYRISTYL
KAF1464082.1	267	272	6	+	MYRISTYL
KAF1464082.1	189	194	6	+	MYRISTYL
KAF1464082.1	185	190	6	+	MYRISTYL
KAF1464082.1	114	119	6	+	MYRISTYL
KAF1464082.1	12	17	6	+	MYRISTYL
KAF1464082.1	139	142	4	+	AMIDATION
KAF1459431.1	96	99	4	+	ASN_GLYCOSYLATION
KAF1459431.1	141	144	4	+	CAMP_PHOSPHO_SITE
KAF1459431.1	284	286	3	+	PKC_PHOSPHO_SITE
KAF1459431.1	146	148	3	+	PKC_PHOSPHO_SITE
KAF1459431.1	98	101	4	+	CK2_PHOSPHO_SITE
KAF1459431.1	298	303	6	+	MYRISTYL
KAF1459431.1	273	278	6	+	MYRISTYL
KAF1459431.1	271	276	6	+	MYRISTYL
KAF1459431.1	267	272	6	+	MYRISTYL
KAF1459431.1	189	194	6	+	MYRISTYL
KAF1459431.1	185	190	6	+	MYRISTYL
KAF1459431.1	114	119	6	+	MYRISTYL
KAF1459431.1	12	17	6	+	MYRISTYL
KAF1459431.1	139	142	4	+	AMIDATION
KAF1440782.1	96	99	4	+	ASN_GLYCOSYLATION
KAF1440782.1	141	144	4	+	CAMP_PHOSPHO_SITE
KAF1440782.1	284	286	3	+	PKC_PHOSPHO_SITE
KAF1440782.1	146	148	3	+	PKC_PHOSPHO_SITE
KAF1440782.1	98	101	4	+	CK2_PHOSPHO_SITE
KAF1440782.1	298	303	6	+	MYRISTYL
KAF1440782.1	273	278	6	+	MYRISTYL
KAF1440782.1	271	276	6	+	MYRISTYL
KAF1440782.1	267	272	6	+	MYRISTYL
KAF1440782.1	189	194	6	+	MYRISTYL
KAF1440782.1	185	190	6	+	MYRISTYL
KAF1440782.1	114	119	6	+	MYRISTYL
KAF1440782.1	12	17	6	+	MYRISTYL
KAF1440782.1	139	142	4	+	AMIDATION
KAF1432837.1	96	99	4	+	ASN_GLYCOSYLATION
KAF1432837.1	141	144	4	+	CAMP_PHOSPHO_SITE
KAF1432837.1	284	286	3	+	PKC_PHOSPHO_SITE
KAF1432837.1	146	148	3	+	PKC_PHOSPHO_SITE
KAF1432837.1	98	101	4	+	CK2_PHOSPHO_SITE
KAF1432837.1	298	303	6	+	MYRISTYL
KAF1432837.1	273	278	6	+	MYRISTYL
KAF1432837.1	271	276	6	+	MYRISTYL
KAF1432837.1	267	272	6	+	MYRISTYL
KAF1432837.1	189	194	6	+	MYRISTYL
KAF1432837.1	185	190	6	+	MYRISTYL
KAF1432837.1	114	119	6	+	MYRISTYL
KAF1432837.1	12	17	6	+	MYRISTYL
KAF1432837.1	139	142	4	+	AMIDATION
KAF1404242.1	96	99	4	+	ASN_GLYCOSYLATION
KAF1404242.1	141	144	4	+	CAMP_PHOSPHO_SITE
KAF1404242.1	284	286	3	+	PKC_PHOSPHO_SITE
KAF1404242.1	146	148	3	+	PKC_PHOSPHO_SITE
KAF1404242.1	98	101	4	+	CK2_PHOSPHO_SITE
KAF1404242.1	298	303	6	+	MYRISTYL
KAF1404242.1	273	278	6	+	MYRISTYL
KAF1404242.1	271	276	6	+	MYRISTYL
KAF1404242.1	267	272	6	+	MYRISTYL
KAF1404242.1	189	194	6	+	MYRISTYL
KAF1404242.1	185	190	6	+	MYRISTYL
KAF1404242.1	114	119	6	+	MYRISTYL
KAF1404242.1	12	17	6	+	MYRISTYL
KAF1404242.1	139	142	4	+	AMIDATION
XP_031990407.1	204	207	4	+	ASN_GLYCOSYLATION
XP_031990407.1	96	99	4	+	ASN_GLYCOSYLATION
XP_031990407.1	141	144	4	+	CAMP_PHOSPHO_SITE
XP_031990407.1	206	208	3	+	PKC_PHOSPHO_SITE
XP_031990407.1	146	148	3	+	PKC_PHOSPHO_SITE
XP_031990407.1	247	250	4	+	CK2_PHOSPHO_SITE
XP_031990407.1	136	139	4	+	CK2_PHOSPHO_SITE
XP_031990407.1	98	101	4	+	CK2_PHOSPHO_SITE
XP_031990407.1	273	278	6	+	MYRISTYL
XP_031990407.1	271	276	6	+	MYRISTYL
XP_031990407.1	267	272	6	+	MYRISTYL
XP_031990407.1	189	194	6	+	MYRISTYL
XP_031990407.1	185	190	6	+	MYRISTYL
XP_031990407.1	114	119	6	+	MYRISTYL
XP_031990407.1	12	17	6	+	MYRISTYL
XP_031990407.1	139	142	4	+	AMIDATION
XP_019478895.1	3	6	4	+	CAMP_PHOSPHO_SITE
XP_019478895.1	156	158	3	+	PKC_PHOSPHO_SITE
XP_019478895.1	146	148	3	+	PKC_PHOSPHO_SITE
XP_019478895.1	8	10	3	+	PKC_PHOSPHO_SITE
XP_019478895.1	160	165	6	+	MYRISTYL
XP_019478895.1	135	140	6	+	MYRISTYL
XP_019478895.1	133	138	6	+	MYRISTYL
XP_019478895.1	129	134	6	+	MYRISTYL
XP_019478895.1	51	56	6	+	MYRISTYL
XP_019478895.1	47	52	6	+	MYRISTYL
XP_019478895.1	1	4	4	+	AMIDATION
XP_031456423.1	170	173	4	+	ASN_GLYCOSYLATION
XP_031456423.1	215	218	4	+	CAMP_PHOSPHO_SITE
XP_031456423.1	368	370	3	+	PKC_PHOSPHO_SITE
XP_031456423.1	358	360	3	+	PKC_PHOSPHO_SITE
XP_031456423.1	280	282	3	+	PKC_PHOSPHO_SITE
XP_031456423.1	220	222	3	+	PKC_PHOSPHO_SITE
XP_031456423.1	68	70	3	+	PKC_PHOSPHO_SITE
XP_031456423.1	30	32	3	+	PKC_PHOSPHO_SITE
XP_031456423.1	372	377	6	+	MYRISTYL
XP_031456423.1	347	352	6	+	MYRISTYL
XP_031456423.1	345	350	6	+	MYRISTYL
XP_031456423.1	341	346	6	+	MYRISTYL
XP_031456423.1	263	268	6	+	MYRISTYL
XP_031456423.1	259	264	6	+	MYRISTYL
XP_031456423.1	188	193	6	+	MYRISTYL
XP_031456423.1	86	91	6	+	MYRISTYL
XP_031456423.1	213	216	4	+	AMIDATION
XP_005429668.1	96	99	4	+	ASN_GLYCOSYLATION
XP_005429668.1	284	286	3	+	PKC_PHOSPHO_SITE
XP_005429668.1	247	250	4	+	CK2_PHOSPHO_SITE
XP_005429668.1	98	101	4	+	CK2_PHOSPHO_SITE
XP_005429668.1	392	397	6	+	MYRISTYL
XP_005429668.1	388	393	6	+	MYRISTYL
XP_005429668.1	384	389	6	+	MYRISTYL
XP_005429668.1	380	385	6	+	MYRISTYL
XP_005429668.1	374	379	6	+	MYRISTYL
XP_005429668.1	364	369	6	+	MYRISTYL
XP_005429668.1	299	304	6	+	MYRISTYL
XP_005429668.1	273	278	6	+	MYRISTYL
XP_005429668.1	271	276	6	+	MYRISTYL
XP_005429668.1	267	272	6	+	MYRISTYL
XP_005429668.1	189	194	6	+	MYRISTYL
XP_005429668.1	185	190	6	+	MYRISTYL
XP_005429668.1	114	119	6	+	MYRISTYL
XP_005429668.1	12	17	6	+	MYRISTYL
XP_030822190.1	96	99	4	+	ASN_GLYCOSYLATION
XP_030822190.1	284	286	3	+	PKC_PHOSPHO_SITE
XP_030822190.1	247	250	4	+	CK2_PHOSPHO_SITE
XP_030822190.1	98	101	4	+	CK2_PHOSPHO_SITE
XP_030822190.1	299	304	6	+	MYRISTYL
XP_030822190.1	273	278	6	+	MYRISTYL
XP_030822190.1	271	276	6	+	MYRISTYL
XP_030822190.1	267	272	6	+	MYRISTYL
XP_030822190.1	189	194	6	+	MYRISTYL
XP_030822190.1	185	190	6	+	MYRISTYL
XP_030822190.1	114	119	6	+	MYRISTYL
XP_030822190.1	12	17	6	+	MYRISTYL
XP_030321679.1	96	99	4	+	ASN_GLYCOSYLATION
XP_030321679.1	141	144	4	+	CAMP_PHOSPHO_SITE
XP_030321679.1	284	286	3	+	PKC_PHOSPHO_SITE
XP_030321679.1	206	208	3	+	PKC_PHOSPHO_SITE
XP_030321679.1	146	148	3	+	PKC_PHOSPHO_SITE
XP_030321679.1	351	354	4	+	CK2_PHOSPHO_SITE
XP_030321679.1	298	303	6	+	MYRISTYL
XP_030321679.1	273	278	6	+	MYRISTYL
XP_030321679.1	271	276	6	+	MYRISTYL
XP_030321679.1	267	272	6	+	MYRISTYL
XP_030321679.1	189	194	6	+	MYRISTYL
XP_030321679.1	185	190	6	+	MYRISTYL
XP_030321679.1	114	119	6	+	MYRISTYL
XP_030321679.1	12	17	6	+	MYRISTYL
XP_030321679.1	139	142	4	+	AMIDATION
XP_008503927.1	96	99	4	+	ASN_GLYCOSYLATION
XP_008503927.1	141	144	4	+	CAMP_PHOSPHO_SITE
XP_008503927.1	284	286	3	+	PKC_PHOSPHO_SITE
XP_008503927.1	206	208	3	+	PKC_PHOSPHO_SITE
XP_008503927.1	146	148	3	+	PKC_PHOSPHO_SITE
XP_008503927.1	351	354	4	+	CK2_PHOSPHO_SITE
XP_008503927.1	298	303	6	+	MYRISTYL
XP_008503927.1	273	278	6	+	MYRISTYL
XP_008503927.1	271	276	6	+	MYRISTYL
XP_008503927.1	267	272	6	+	MYRISTYL
XP_008503927.1	189	194	6	+	MYRISTYL
XP_008503927.1	185	190	6	+	MYRISTYL
XP_008503927.1	114	119	6	+	MYRISTYL
XP_008503927.1	12	17	6	+	MYRISTYL
XP_008503927.1	139	142	4	+	AMIDATION
XP_008922173.2	96	99	4	+	ASN_GLYCOSYLATION
XP_008922173.2	95	98	4	+	ASN_GLYCOSYLATION
XP_008922173.2	141	144	4	+	CAMP_PHOSPHO_SITE
XP_008922173.2	247	250	4	+	CK2_PHOSPHO_SITE
XP_008922173.2	98	101	4	+	CK2_PHOSPHO_SITE
XP_008922173.2	298	303	6	+	MYRISTYL
XP_008922173.2	273	278	6	+	MYRISTYL
XP_008922173.2	271	276	6	+	MYRISTYL
XP_008922173.2	267	272	6	+	MYRISTYL
XP_008922173.2	189	194	6	+	MYRISTYL
XP_008922173.2	185	190	6	+	MYRISTYL
XP_008922173.2	114	119	6	+	MYRISTYL
XP_008922173.2	12	17	6	+	MYRISTYL
XP_008922173.2	139	142	4	+	AMIDATION
XP_027751872.1	96	99	4	+	ASN_GLYCOSYLATION
XP_027751872.1	141	144	4	+	CAMP_PHOSPHO_SITE
XP_027751872.1	284	286	3	+	PKC_PHOSPHO_SITE
XP_027751872.1	351	354	4	+	CK2_PHOSPHO_SITE
XP_027751872.1	98	101	4	+	CK2_PHOSPHO_SITE
XP_027751872.1	298	303	6	+	MYRISTYL
XP_027751872.1	273	278	6	+	MYRISTYL
XP_027751872.1	271	276	6	+	MYRISTYL
XP_027751872.1	267	272	6	+	MYRISTYL
XP_027751872.1	189	194	6	+	MYRISTYL
XP_027751872.1	185	190	6	+	MYRISTYL
XP_027751872.1	114	119	6	+	MYRISTYL
XP_027751872.1	12	17	6	+	MYRISTYL
XP_027751872.1	139	142	4	+	AMIDATION
XP_027520533.1	96	99	4	+	ASN_GLYCOSYLATION
XP_027520533.1	95	98	4	+	ASN_GLYCOSYLATION
XP_027520533.1	141	144	4	+	CAMP_PHOSPHO_SITE
XP_027520533.1	247	250	4	+	CK2_PHOSPHO_SITE
XP_027520533.1	98	101	4	+	CK2_PHOSPHO_SITE
XP_027520533.1	298	303	6	+	MYRISTYL
XP_027520533.1	273	278	6	+	MYRISTYL
XP_027520533.1	271	276	6	+	MYRISTYL
XP_027520533.1	267	272	6	+	MYRISTYL
XP_027520533.1	189	194	6	+	MYRISTYL
XP_027520533.1	185	190	6	+	MYRISTYL
XP_027520533.1	114	119	6	+	MYRISTYL
XP_027520533.1	12	17	6	+	MYRISTYL
XP_027520533.1	139	142	4	+	AMIDATION
XP_027558020.1	96	99	4	+	ASN_GLYCOSYLATION
XP_027558020.1	141	144	4	+	CAMP_PHOSPHO_SITE
XP_027558020.1	98	101	4	+	CK2_PHOSPHO_SITE
XP_027558020.1	298	303	6	+	MYRISTYL
XP_027558020.1	273	278	6	+	MYRISTYL
XP_027558020.1	271	276	6	+	MYRISTYL
XP_027558020.1	267	272	6	+	MYRISTYL
XP_027558020.1	189	194	6	+	MYRISTYL
XP_027558020.1	185	190	6	+	MYRISTYL
XP_027558020.1	114	119	6	+	MYRISTYL
XP_027558020.1	12	17	6	+	MYRISTYL
XP_027558020.1	139	142	4	+	AMIDATION
XP_026720573.1	157	160	4	+	ASN_GLYCOSYLATION
XP_026720573.1	202	205	4	+	CAMP_PHOSPHO_SITE
XP_026720573.1	413	415	3	+	PKC_PHOSPHO_SITE
XP_026720573.1	343	345	3	+	PKC_PHOSPHO_SITE
XP_026720573.1	207	209	3	+	PKC_PHOSPHO_SITE
XP_026720573.1	198	200	3	+	PKC_PHOSPHO_SITE
XP_026720573.1	39	41	3	+	PKC_PHOSPHO_SITE
XP_026720573.1	159	162	4	+	CK2_PHOSPHO_SITE
XP_026720573.1	357	362	6	+	MYRISTYL
XP_026720573.1	332	337	6	+	MYRISTYL
XP_026720573.1	330	335	6	+	MYRISTYL
XP_026720573.1	326	331	6	+	MYRISTYL
XP_026720573.1	248	253	6	+	MYRISTYL
XP_026720573.1	244	249	6	+	MYRISTYL
XP_026720573.1	175	180	6	+	MYRISTYL
XP_026720573.1	73	78	6	+	MYRISTYL
XP_026720573.1	348	351	4	+	AMIDATION
XP_026720573.1	200	203	4	+	AMIDATION
XP_025900367.1	96	99	4	+	ASN_GLYCOSYLATION
XP_025900367.1	206	208	3	+	PKC_PHOSPHO_SITE
XP_025900367.1	146	148	3	+	PKC_PHOSPHO_SITE
XP_025900367.1	189	194	6	+	MYRISTYL
XP_025900367.1	185	190	6	+	MYRISTYL
XP_025900367.1	114	119	6	+	MYRISTYL
XP_025900367.1	12	17	6	+	MYRISTYL
XP_023798483.1	204	207	4	+	ASN_GLYCOSYLATION
XP_023798483.1	96	99	4	+	ASN_GLYCOSYLATION
XP_023798483.1	284	286	3	+	PKC_PHOSPHO_SITE
XP_023798483.1	146	148	3	+	PKC_PHOSPHO_SITE
XP_023798483.1	247	250	4	+	CK2_PHOSPHO_SITE
XP_023798483.1	98	101	4	+	CK2_PHOSPHO_SITE
XP_023798483.1	298	303	6	+	MYRISTYL
XP_023798483.1	273	278	6	+	MYRISTYL
XP_023798483.1	271	276	6	+	MYRISTYL
XP_023798483.1	267	272	6	+	MYRISTYL
XP_023798483.1	189	194	6	+	MYRISTYL
XP_023798483.1	185	190	6	+	MYRISTYL
XP_023798483.1	114	119	6	+	MYRISTYL
XP_023798483.1	12	17	6	+	MYRISTYL
PKU41280.1	96	99	4	+	ASN_GLYCOSYLATION
PKU41280.1	284	286	3	+	PKC_PHOSPHO_SITE
PKU41280.1	206	208	3	+	PKC_PHOSPHO_SITE
PKU41280.1	146	148	3	+	PKC_PHOSPHO_SITE
PKU41280.1	98	101	4	+	CK2_PHOSPHO_SITE
PKU41280.1	298	303	6	+	MYRISTYL
PKU41280.1	273	278	6	+	MYRISTYL
PKU41280.1	271	276	6	+	MYRISTYL
PKU41280.1	267	272	6	+	MYRISTYL
PKU41280.1	189	194	6	+	MYRISTYL
PKU41280.1	185	190	6	+	MYRISTYL
PKU41280.1	125	130	6	+	MYRISTYL
PKU41280.1	114	119	6	+	MYRISTYL
PKU41280.1	12	17	6	+	MYRISTYL
PKU41280.1	289	292	4	+	AMIDATION
PKU41280.1	139	142	4	+	AMIDATION
OWK54800.1	164	166	3	+	PKC_PHOSPHO_SITE
OWK54800.1	26	28	3	+	PKC_PHOSPHO_SITE
OWK54800.1	127	130	4	+	CK2_PHOSPHO_SITE
OWK54800.1	178	183	6	+	MYRISTYL
OWK54800.1	153	158	6	+	MYRISTYL
OWK54800.1	151	156	6	+	MYRISTYL
OWK54800.1	147	152	6	+	MYRISTYL
OWK54800.1	69	74	6	+	MYRISTYL
OWK54800.1	65	70	6	+	MYRISTYL
XP_021233644.1	170	173	4	+	ASN_GLYCOSYLATION
XP_021233644.1	215	218	4	+	CAMP_PHOSPHO_SITE
XP_021233644.1	59	62	4	+	CAMP_PHOSPHO_SITE
XP_021233644.1	368	370	3	+	PKC_PHOSPHO_SITE
XP_021233644.1	358	360	3	+	PKC_PHOSPHO_SITE
XP_021233644.1	280	282	3	+	PKC_PHOSPHO_SITE
XP_021233644.1	220	222	3	+	PKC_PHOSPHO_SITE
XP_021233644.1	30	32	3	+	PKC_PHOSPHO_SITE
XP_021233644.1	372	377	6	+	MYRISTYL
XP_021233644.1	347	352	6	+	MYRISTYL
XP_021233644.1	345	350	6	+	MYRISTYL
XP_021233644.1	341	346	6	+	MYRISTYL
XP_021233644.1	263	268	6	+	MYRISTYL
XP_021233644.1	259	264	6	+	MYRISTYL
XP_021233644.1	188	193	6	+	MYRISTYL
XP_021233644.1	86	91	6	+	MYRISTYL
XP_021233644.1	213	216	4	+	AMIDATION
XP_021233644.1	67	70	4	+	AMIDATION
OPJ74548.1	96	99	4	+	ASN_GLYCOSYLATION
OPJ74548.1	141	144	4	+	CAMP_PHOSPHO_SITE
OPJ74548.1	284	286	3	+	PKC_PHOSPHO_SITE
OPJ74548.1	206	208	3	+	PKC_PHOSPHO_SITE
OPJ74548.1	146	148	3	+	PKC_PHOSPHO_SITE
OPJ74548.1	98	101	4	+	CK2_PHOSPHO_SITE
OPJ74548.1	298	303	6	+	MYRISTYL
OPJ74548.1	273	278	6	+	MYRISTYL
OPJ74548.1	271	276	6	+	MYRISTYL
OPJ74548.1	267	272	6	+	MYRISTYL
OPJ74548.1	189	194	6	+	MYRISTYL
OPJ74548.1	185	190	6	+	MYRISTYL
OPJ74548.1	114	119	6	+	MYRISTYL
OPJ74548.1	12	17	6	+	MYRISTYL
OPJ74548.1	139	142	4	+	AMIDATION
XP_009281191.1	96	99	4	+	ASN_GLYCOSYLATION
XP_009281191.1	141	144	4	+	CAMP_PHOSPHO_SITE
XP_009281191.1	284	286	3	+	PKC_PHOSPHO_SITE
XP_009281191.1	146	148	3	+	PKC_PHOSPHO_SITE
XP_009281191.1	98	101	4	+	CK2_PHOSPHO_SITE
XP_009281191.1	298	303	6	+	MYRISTYL
XP_009281191.1	273	278	6	+	MYRISTYL
XP_009281191.1	271	276	6	+	MYRISTYL
XP_009281191.1	267	272	6	+	MYRISTYL
XP_009281191.1	189	194	6	+	MYRISTYL
XP_009281191.1	185	190	6	+	MYRISTYL
XP_009281191.1	114	119	6	+	MYRISTYL
XP_009281191.1	12	17	6	+	MYRISTYL
XP_009281191.1	139	142	4	+	AMIDATION
XP_017689608.1	96	99	4	+	ASN_GLYCOSYLATION
XP_017689608.1	95	98	4	+	ASN_GLYCOSYLATION
XP_017689608.1	141	144	4	+	CAMP_PHOSPHO_SITE
XP_017689608.1	247	250	4	+	CK2_PHOSPHO_SITE
XP_017689608.1	98	101	4	+	CK2_PHOSPHO_SITE
XP_017689608.1	298	303	6	+	MYRISTYL
XP_017689608.1	273	278	6	+	MYRISTYL
XP_017689608.1	271	276	6	+	MYRISTYL
XP_017689608.1	267	272	6	+	MYRISTYL
XP_017689608.1	189	194	6	+	MYRISTYL
XP_017689608.1	185	190	6	+	MYRISTYL
XP_017689608.1	114	119	6	+	MYRISTYL
XP_017689608.1	12	17	6	+	MYRISTYL
XP_017689608.1	139	142	4	+	AMIDATION
XP_008638823.1	204	207	4	+	ASN_GLYCOSYLATION
XP_008638823.1	96	99	4	+	ASN_GLYCOSYLATION
XP_008638823.1	141	144	4	+	CAMP_PHOSPHO_SITE
XP_008638823.1	206	208	3	+	PKC_PHOSPHO_SITE
XP_008638823.1	146	148	3	+	PKC_PHOSPHO_SITE
XP_008638823.1	247	250	4	+	CK2_PHOSPHO_SITE
XP_008638823.1	136	139	4	+	CK2_PHOSPHO_SITE
XP_008638823.1	98	101	4	+	CK2_PHOSPHO_SITE
XP_008638823.1	273	278	6	+	MYRISTYL
XP_008638823.1	271	276	6	+	MYRISTYL
XP_008638823.1	267	272	6	+	MYRISTYL
XP_008638823.1	189	194	6	+	MYRISTYL
XP_008638823.1	185	190	6	+	MYRISTYL
XP_008638823.1	114	119	6	+	MYRISTYL
XP_008638823.1	12	17	6	+	MYRISTYL
XP_008638823.1	139	142	4	+	AMIDATION
XP_005059732.1	96	99	4	+	ASN_GLYCOSYLATION
XP_005059732.1	284	286	3	+	PKC_PHOSPHO_SITE
XP_005059732.1	146	148	3	+	PKC_PHOSPHO_SITE
XP_005059732.1	247	250	4	+	CK2_PHOSPHO_SITE
XP_005059732.1	98	101	4	+	CK2_PHOSPHO_SITE
XP_005059732.1	299	304	6	+	MYRISTYL
XP_005059732.1	273	278	6	+	MYRISTYL
XP_005059732.1	271	276	6	+	MYRISTYL
XP_005059732.1	267	272	6	+	MYRISTYL
XP_005059732.1	189	194	6	+	MYRISTYL
XP_005059732.1	185	190	6	+	MYRISTYL
XP_005059732.1	114	119	6	+	MYRISTYL
XP_005059732.1	12	17	6	+	MYRISTYL
XP_014814680.1	96	99	4	+	ASN_GLYCOSYLATION
XP_014814680.1	141	144	4	+	CAMP_PHOSPHO_SITE
XP_014814680.1	284	286	3	+	PKC_PHOSPHO_SITE
XP_014814680.1	206	208	3	+	PKC_PHOSPHO_SITE
XP_014814680.1	146	148	3	+	PKC_PHOSPHO_SITE
XP_014814680.1	98	101	4	+	CK2_PHOSPHO_SITE
XP_014814680.1	298	303	6	+	MYRISTYL
XP_014814680.1	273	278	6	+	MYRISTYL
XP_014814680.1	271	276	6	+	MYRISTYL
XP_014814680.1	267	272	6	+	MYRISTYL
XP_014814680.1	189	194	6	+	MYRISTYL
XP_014814680.1	185	190	6	+	MYRISTYL
XP_014814680.1	125	130	6	+	MYRISTYL
XP_014814680.1	114	119	6	+	MYRISTYL
XP_014814680.1	12	17	6	+	MYRISTYL
XP_014814680.1	139	142	4	+	AMIDATION
XP_014740911.1	96	99	4	+	ASN_GLYCOSYLATION
XP_014740911.1	141	144	4	+	CAMP_PHOSPHO_SITE
XP_014740911.1	284	286	3	+	PKC_PHOSPHO_SITE
XP_014740911.1	146	148	3	+	PKC_PHOSPHO_SITE
XP_014740911.1	247	250	4	+	CK2_PHOSPHO_SITE
XP_014740911.1	98	101	4	+	CK2_PHOSPHO_SITE
XP_014740911.1	298	303	6	+	MYRISTYL
XP_014740911.1	273	278	6	+	MYRISTYL
XP_014740911.1	271	276	6	+	MYRISTYL
XP_014740911.1	267	272	6	+	MYRISTYL
XP_014740911.1	189	194	6	+	MYRISTYL
XP_014740911.1	185	190	6	+	MYRISTYL
XP_014740911.1	114	119	6	+	MYRISTYL
XP_014740911.1	12	17	6	+	MYRISTYL
XP_014740911.1	139	142	4	+	AMIDATION
KQK79067.1	96	99	4	+	ASN_GLYCOSYLATION
KQK79067.1	54	57	4	+	ASN_GLYCOSYLATION
KQK79067.1	284	286	3	+	PKC_PHOSPHO_SITE
KQK79067.1	206	208	3	+	PKC_PHOSPHO_SITE
KQK79067.1	146	148	3	+	PKC_PHOSPHO_SITE
KQK79067.1	98	101	4	+	CK2_PHOSPHO_SITE
KQK79067.1	298	303	6	+	MYRISTYL
KQK79067.1	273	278	6	+	MYRISTYL
KQK79067.1	271	276	6	+	MYRISTYL
KQK79067.1	267	272	6	+	MYRISTYL
KQK79067.1	189	194	6	+	MYRISTYL
KQK79067.1	185	190	6	+	MYRISTYL
KQK79067.1	114	119	6	+	MYRISTYL
KQK79067.1	12	17	6	+	MYRISTYL
KQK79067.1	139	142	4	+	AMIDATION
XP_005531541.2	96	99	4	+	ASN_GLYCOSYLATION
XP_005531541.2	283	285	3	+	PKC_PHOSPHO_SITE
XP_005531541.2	145	147	3	+	PKC_PHOSPHO_SITE
XP_005531541.2	246	249	4	+	CK2_PHOSPHO_SITE
XP_005531541.2	98	101	4	+	CK2_PHOSPHO_SITE
XP_005531541.2	297	302	6	+	MYRISTYL
XP_005531541.2	272	277	6	+	MYRISTYL
XP_005531541.2	270	275	6	+	MYRISTYL
XP_005531541.2	266	271	6	+	MYRISTYL
XP_005531541.2	188	193	6	+	MYRISTYL
XP_005531541.2	184	189	6	+	MYRISTYL
XP_005531541.2	139	144	6	+	MYRISTYL
XP_005531541.2	114	119	6	+	MYRISTYL
XP_005531541.2	12	17	6	+	MYRISTYL
XP_009324864.1	96	99	4	+	ASN_GLYCOSYLATION
XP_009324864.1	141	144	4	+	CAMP_PHOSPHO_SITE
XP_009324864.1	284	286	3	+	PKC_PHOSPHO_SITE
XP_009324864.1	146	148	3	+	PKC_PHOSPHO_SITE
XP_009324864.1	98	101	4	+	CK2_PHOSPHO_SITE
XP_009324864.1	298	303	6	+	MYRISTYL
XP_009324864.1	273	278	6	+	MYRISTYL
XP_009324864.1	271	276	6	+	MYRISTYL
XP_009324864.1	267	272	6	+	MYRISTYL
XP_009324864.1	189	194	6	+	MYRISTYL
XP_009324864.1	185	190	6	+	MYRISTYL
XP_009324864.1	114	119	6	+	MYRISTYL
XP_009324864.1	12	17	6	+	MYRISTYL
XP_009324864.1	139	142	4	+	AMIDATION
XP_010583936.1	96	99	4	+	ASN_GLYCOSYLATION
XP_010583936.1	284	286	3	+	PKC_PHOSPHO_SITE
XP_010583936.1	206	208	3	+	PKC_PHOSPHO_SITE
XP_010583936.1	146	148	3	+	PKC_PHOSPHO_SITE
XP_010583936.1	98	101	4	+	CK2_PHOSPHO_SITE
XP_010583936.1	298	303	6	+	MYRISTYL
XP_010583936.1	273	278	6	+	MYRISTYL
XP_010583936.1	271	276	6	+	MYRISTYL
XP_010583936.1	267	272	6	+	MYRISTYL
XP_010583936.1	189	194	6	+	MYRISTYL
XP_010583936.1	185	190	6	+	MYRISTYL
XP_010583936.1	114	119	6	+	MYRISTYL
XP_010583936.1	12	17	6	+	MYRISTYL
XP_010583936.1	139	142	4	+	AMIDATION
XP_010295685.1	156	159	4	+	ASN_GLYCOSYLATION
XP_010295685.1	201	204	4	+	CAMP_PHOSPHO_SITE
XP_010295685.1	344	346	3	+	PKC_PHOSPHO_SITE
XP_010295685.1	266	268	3	+	PKC_PHOSPHO_SITE
XP_010295685.1	206	208	3	+	PKC_PHOSPHO_SITE
XP_010295685.1	36	38	3	+	PKC_PHOSPHO_SITE
XP_010295685.1	158	161	4	+	CK2_PHOSPHO_SITE
XP_010295685.1	50	53	4	+	CK2_PHOSPHO_SITE
XP_010295685.1	5	8	4	+	CK2_PHOSPHO_SITE
XP_010295685.1	358	363	6	+	MYRISTYL
XP_010295685.1	331	336	6	+	MYRISTYL
XP_010295685.1	327	332	6	+	MYRISTYL
XP_010295685.1	249	254	6	+	MYRISTYL
XP_010295685.1	245	250	6	+	MYRISTYL
XP_010295685.1	174	179	6	+	MYRISTYL
XP_010295685.1	72	77	6	+	MYRISTYL
XP_010295685.1	44	49	6	+	MYRISTYL
XP_010295685.1	199	202	4	+	AMIDATION
XP_010187293.1	96	99	4	+	ASN_GLYCOSYLATION
XP_010187293.1	141	144	4	+	CAMP_PHOSPHO_SITE
XP_010187293.1	284	286	3	+	PKC_PHOSPHO_SITE
XP_010187293.1	206	208	3	+	PKC_PHOSPHO_SITE
XP_010187293.1	146	148	3	+	PKC_PHOSPHO_SITE
XP_010187293.1	98	101	4	+	CK2_PHOSPHO_SITE
XP_010187293.1	298	303	6	+	MYRISTYL
XP_010187293.1	273	278	6	+	MYRISTYL
XP_010187293.1	271	276	6	+	MYRISTYL
XP_010187293.1	267	272	6	+	MYRISTYL
XP_010187293.1	189	194	6	+	MYRISTYL
XP_010187293.1	185	190	6	+	MYRISTYL
XP_010187293.1	114	119	6	+	MYRISTYL
XP_010187293.1	12	17	6	+	MYRISTYL
XP_010187293.1	139	142	4	+	AMIDATION
XP_009982315.1	96	99	4	+	ASN_GLYCOSYLATION
XP_009982315.1	141	144	4	+	CAMP_PHOSPHO_SITE
XP_009982315.1	284	286	3	+	PKC_PHOSPHO_SITE
XP_009982315.1	146	148	3	+	PKC_PHOSPHO_SITE
XP_009982315.1	195	198	4	+	CK2_PHOSPHO_SITE
XP_009982315.1	98	101	4	+	CK2_PHOSPHO_SITE
XP_009982315.1	298	303	6	+	MYRISTYL
XP_009982315.1	273	278	6	+	MYRISTYL
XP_009982315.1	271	276	6	+	MYRISTYL
XP_009982315.1	267	272	6	+	MYRISTYL
XP_009982315.1	189	194	6	+	MYRISTYL
XP_009982315.1	185	190	6	+	MYRISTYL
XP_009982315.1	114	119	6	+	MYRISTYL
XP_009982315.1	12	17	6	+	MYRISTYL
XP_009982315.1	139	142	4	+	AMIDATION
XP_009943063.1	99	102	4	+	ASN_GLYCOSYLATION
XP_009943063.1	144	147	4	+	CAMP_PHOSPHO_SITE
XP_009943063.1	209	211	3	+	PKC_PHOSPHO_SITE
XP_009943063.1	149	151	3	+	PKC_PHOSPHO_SITE
XP_009943063.1	101	104	4	+	CK2_PHOSPHO_SITE
XP_009943063.1	279	284	6	+	MYRISTYL
XP_009943063.1	192	197	6	+	MYRISTYL
XP_009943063.1	188	193	6	+	MYRISTYL
XP_009943063.1	117	122	6	+	MYRISTYL
XP_009943063.1	142	145	4	+	AMIDATION
XP_009892089.1	96	99	4	+	ASN_GLYCOSYLATION
XP_009892089.1	141	144	4	+	CAMP_PHOSPHO_SITE
XP_009892089.1	294	296	3	+	PKC_PHOSPHO_SITE
XP_009892089.1	284	286	3	+	PKC_PHOSPHO_SITE
XP_009892089.1	206	208	3	+	PKC_PHOSPHO_SITE
XP_009892089.1	146	148	3	+	PKC_PHOSPHO_SITE
XP_009892089.1	98	101	4	+	CK2_PHOSPHO_SITE
XP_009892089.1	298	303	6	+	MYRISTYL
XP_009892089.1	290	295	6	+	MYRISTYL
XP_009892089.1	273	278	6	+	MYRISTYL
XP_009892089.1	271	276	6	+	MYRISTYL
XP_009892089.1	267	272	6	+	MYRISTYL
XP_009892089.1	189	194	6	+	MYRISTYL
XP_009892089.1	185	190	6	+	MYRISTYL
XP_009892089.1	125	130	6	+	MYRISTYL
XP_009892089.1	114	119	6	+	MYRISTYL
XP_009892089.1	12	17	6	+	MYRISTYL
XP_009892089.1	139	142	4	+	AMIDATION
XP_009870532.1	100	103	4	+	ASN_GLYCOSYLATION
XP_009870532.1	145	148	4	+	CAMP_PHOSPHO_SITE
XP_009870532.1	210	212	3	+	PKC_PHOSPHO_SITE
XP_009870532.1	150	152	3	+	PKC_PHOSPHO_SITE
XP_009870532.1	102	105	4	+	CK2_PHOSPHO_SITE
XP_009870532.1	193	198	6	+	MYRISTYL
XP_009870532.1	189	194	6	+	MYRISTYL
XP_009870532.1	118	123	6	+	MYRISTYL
XP_009870532.1	16	21	6	+	MYRISTYL
XP_009870532.1	15	20	6	+	MYRISTYL
XP_009870532.1	12	17	6	+	MYRISTYL
XP_009870532.1	143	146	4	+	AMIDATION
KGL85810.1	93	96	4	+	ASN_GLYCOSYLATION
KGL85810.1	138	141	4	+	CAMP_PHOSPHO_SITE
KGL85810.1	291	293	3	+	PKC_PHOSPHO_SITE
KGL85810.1	281	283	3	+	PKC_PHOSPHO_SITE
KGL85810.1	203	205	3	+	PKC_PHOSPHO_SITE
KGL85810.1	143	145	3	+	PKC_PHOSPHO_SITE
KGL85810.1	95	98	4	+	CK2_PHOSPHO_SITE
KGL85810.1	295	300	6	+	MYRISTYL
KGL85810.1	287	292	6	+	MYRISTYL
KGL85810.1	270	275	6	+	MYRISTYL
KGL85810.1	268	273	6	+	MYRISTYL
KGL85810.1	264	269	6	+	MYRISTYL
KGL85810.1	186	191	6	+	MYRISTYL
KGL85810.1	182	187	6	+	MYRISTYL
KGL85810.1	122	127	6	+	MYRISTYL
KGL85810.1	111	116	6	+	MYRISTYL
KGL85810.1	9	14	6	+	MYRISTYL
KGL85810.1	136	139	4	+	AMIDATION
XP_009460192.1	149	152	4	+	ASN_GLYCOSYLATION
XP_009460192.1	194	197	4	+	CAMP_PHOSPHO_SITE
XP_009460192.1	337	339	3	+	PKC_PHOSPHO_SITE
XP_009460192.1	259	261	3	+	PKC_PHOSPHO_SITE
XP_009460192.1	199	201	3	+	PKC_PHOSPHO_SITE
XP_009460192.1	29	31	3	+	PKC_PHOSPHO_SITE
XP_009460192.1	151	154	4	+	CK2_PHOSPHO_SITE
XP_009460192.1	43	46	4	+	CK2_PHOSPHO_SITE
XP_009460192.1	351	356	6	+	MYRISTYL
XP_009460192.1	326	331	6	+	MYRISTYL
XP_009460192.1	324	329	6	+	MYRISTYL
XP_009460192.1	320	325	6	+	MYRISTYL
XP_009460192.1	242	247	6	+	MYRISTYL
XP_009460192.1	238	243	6	+	MYRISTYL
XP_009460192.1	167	172	6	+	MYRISTYL
XP_009460192.1	65	70	6	+	MYRISTYL
XP_009460192.1	192	195	4	+	AMIDATION
KFZ68785.1	92	95	4	+	ASN_GLYCOSYLATION
KFZ68785.1	137	140	4	+	CAMP_PHOSPHO_SITE
KFZ68785.1	280	282	3	+	PKC_PHOSPHO_SITE
KFZ68785.1	202	204	3	+	PKC_PHOSPHO_SITE
KFZ68785.1	142	144	3	+	PKC_PHOSPHO_SITE
KFZ68785.1	135	137	3	+	PKC_PHOSPHO_SITE
KFZ68785.1	94	97	4	+	CK2_PHOSPHO_SITE
KFZ68785.1	294	299	6	+	MYRISTYL
KFZ68785.1	269	274	6	+	MYRISTYL
KFZ68785.1	267	272	6	+	MYRISTYL
KFZ68785.1	263	268	6	+	MYRISTYL
KFZ68785.1	185	190	6	+	MYRISTYL
KFZ68785.1	181	186	6	+	MYRISTYL
KFZ68785.1	110	115	6	+	MYRISTYL
KFZ68785.1	8	13	6	+	MYRISTYL
KFZ68785.1	135	138	4	+	AMIDATION
KFW81030.1	93	96	4	+	ASN_GLYCOSYLATION
KFW81030.1	92	95	4	+	ASN_GLYCOSYLATION
KFW81030.1	138	141	4	+	CAMP_PHOSPHO_SITE
KFW81030.1	244	247	4	+	CK2_PHOSPHO_SITE
KFW81030.1	95	98	4	+	CK2_PHOSPHO_SITE
KFW81030.1	295	300	6	+	MYRISTYL
KFW81030.1	270	275	6	+	MYRISTYL
KFW81030.1	268	273	6	+	MYRISTYL
KFW81030.1	264	269	6	+	MYRISTYL
KFW81030.1	186	191	6	+	MYRISTYL
KFW81030.1	182	187	6	+	MYRISTYL
KFW81030.1	111	116	6	+	MYRISTYL
KFW81030.1	9	14	6	+	MYRISTYL
KFW81030.1	136	139	4	+	AMIDATION
KFW61438.1	96	99	4	+	ASN_GLYCOSYLATION
KFW61438.1	141	144	4	+	CAMP_PHOSPHO_SITE
KFW61438.1	284	286	3	+	PKC_PHOSPHO_SITE
KFW61438.1	146	148	3	+	PKC_PHOSPHO_SITE
KFW61438.1	98	101	4	+	CK2_PHOSPHO_SITE
KFW61438.1	298	303	6	+	MYRISTYL
KFW61438.1	273	278	6	+	MYRISTYL
KFW61438.1	271	276	6	+	MYRISTYL
KFW61438.1	267	272	6	+	MYRISTYL
KFW61438.1	189	194	6	+	MYRISTYL
KFW61438.1	185	190	6	+	MYRISTYL
KFW61438.1	114	119	6	+	MYRISTYL
KFW61438.1	12	17	6	+	MYRISTYL
KFW61438.1	139	142	4	+	AMIDATION
KFV54932.1	89	92	4	+	ASN_GLYCOSYLATION
KFV54932.1	277	279	3	+	PKC_PHOSPHO_SITE
KFV54932.1	199	201	3	+	PKC_PHOSPHO_SITE
KFV54932.1	139	141	3	+	PKC_PHOSPHO_SITE
KFV54932.1	291	296	6	+	MYRISTYL
KFV54932.1	266	271	6	+	MYRISTYL
KFV54932.1	264	269	6	+	MYRISTYL
KFV54932.1	260	265	6	+	MYRISTYL
KFV54932.1	182	187	6	+	MYRISTYL
KFV54932.1	178	183	6	+	MYRISTYL
KFV54932.1	107	112	6	+	MYRISTYL
KFV54932.1	5	10	6	+	MYRISTYL
KFV54932.1	132	135	4	+	AMIDATION
KFV16020.1	93	96	4	+	ASN_GLYCOSYLATION
KFV16020.1	138	141	4	+	CAMP_PHOSPHO_SITE
KFV16020.1	281	283	3	+	PKC_PHOSPHO_SITE
KFV16020.1	143	145	3	+	PKC_PHOSPHO_SITE
KFV16020.1	192	195	4	+	CK2_PHOSPHO_SITE
KFV16020.1	95	98	4	+	CK2_PHOSPHO_SITE
KFV16020.1	295	300	6	+	MYRISTYL
KFV16020.1	270	275	6	+	MYRISTYL
KFV16020.1	268	273	6	+	MYRISTYL
KFV16020.1	264	269	6	+	MYRISTYL
KFV16020.1	186	191	6	+	MYRISTYL
KFV16020.1	182	187	6	+	MYRISTYL
KFV16020.1	111	116	6	+	MYRISTYL
KFV16020.1	9	14	6	+	MYRISTYL
KFV16020.1	136	139	4	+	AMIDATION
KFU87009.1	93	96	4	+	ASN_GLYCOSYLATION
KFU87009.1	138	141	4	+	CAMP_PHOSPHO_SITE
KFU87009.1	281	283	3	+	PKC_PHOSPHO_SITE
KFU87009.1	203	205	3	+	PKC_PHOSPHO_SITE
KFU87009.1	143	145	3	+	PKC_PHOSPHO_SITE
KFU87009.1	295	300	6	+	MYRISTYL
KFU87009.1	270	275	6	+	MYRISTYL
KFU87009.1	268	273	6	+	MYRISTYL
KFU87009.1	264	269	6	+	MYRISTYL
KFU87009.1	186	191	6	+	MYRISTYL
KFU87009.1	182	187	6	+	MYRISTYL
KFU87009.1	111	116	6	+	MYRISTYL
KFU87009.1	9	14	6	+	MYRISTYL
KFU87009.1	136	139	4	+	AMIDATION
XP_009079850.1	96	99	4	+	ASN_GLYCOSYLATION
XP_009079850.1	141	144	4	+	CAMP_PHOSPHO_SITE
XP_009079850.1	284	286	3	+	PKC_PHOSPHO_SITE
XP_009079850.1	206	208	3	+	PKC_PHOSPHO_SITE
XP_009079850.1	98	101	4	+	CK2_PHOSPHO_SITE
XP_009079850.1	273	278	6	+	MYRISTYL
XP_009079850.1	271	276	6	+	MYRISTYL
XP_009079850.1	267	272	6	+	MYRISTYL
XP_009079850.1	189	194	6	+	MYRISTYL
XP_009079850.1	185	190	6	+	MYRISTYL
XP_009079850.1	114	119	6	+	MYRISTYL
XP_009079850.1	12	17	6	+	MYRISTYL
XP_009079850.1	139	142	4	+	AMIDATION
KFR03283.1	84	87	4	+	ASN_GLYCOSYLATION
KFR03283.1	129	132	4	+	CAMP_PHOSPHO_SITE
KFR03283.1	194	196	3	+	PKC_PHOSPHO_SITE
KFR03283.1	134	136	3	+	PKC_PHOSPHO_SITE
KFR03283.1	86	89	4	+	CK2_PHOSPHO_SITE
KFR03283.1	263	268	6	+	MYRISTYL
KFR03283.1	177	182	6	+	MYRISTYL
KFR03283.1	173	178	6	+	MYRISTYL
KFR03283.1	102	107	6	+	MYRISTYL
KFR03283.1	127	130	4	+	AMIDATION
KFQ94573.1	93	96	4	+	ASN_GLYCOSYLATION
KFQ94573.1	138	141	4	+	CAMP_PHOSPHO_SITE
KFQ94573.1	281	283	3	+	PKC_PHOSPHO_SITE
KFQ94573.1	203	205	3	+	PKC_PHOSPHO_SITE
KFQ94573.1	143	145	3	+	PKC_PHOSPHO_SITE
KFQ94573.1	95	98	4	+	CK2_PHOSPHO_SITE
KFQ94573.1	295	300	6	+	MYRISTYL
KFQ94573.1	270	275	6	+	MYRISTYL
KFQ94573.1	268	273	6	+	MYRISTYL
KFQ94573.1	264	269	6	+	MYRISTYL
KFQ94573.1	186	191	6	+	MYRISTYL
KFQ94573.1	182	187	6	+	MYRISTYL
KFQ94573.1	111	116	6	+	MYRISTYL
KFQ94573.1	9	14	6	+	MYRISTYL
KFQ94573.1	136	139	4	+	AMIDATION
KFQ70770.1	93	96	4	+	ASN_GLYCOSYLATION
KFQ70770.1	138	141	4	+	CAMP_PHOSPHO_SITE
KFQ70770.1	281	283	3	+	PKC_PHOSPHO_SITE
KFQ70770.1	203	205	3	+	PKC_PHOSPHO_SITE
KFQ70770.1	143	145	3	+	PKC_PHOSPHO_SITE
KFQ70770.1	95	98	4	+	CK2_PHOSPHO_SITE
KFQ70770.1	295	300	6	+	MYRISTYL
KFQ70770.1	268	273	6	+	MYRISTYL
KFQ70770.1	264	269	6	+	MYRISTYL
KFQ70770.1	186	191	6	+	MYRISTYL
KFQ70770.1	182	187	6	+	MYRISTYL
KFQ70770.1	111	116	6	+	MYRISTYL
KFQ70770.1	9	14	6	+	MYRISTYL
KFQ70770.1	136	139	4	+	AMIDATION
KFQ38853.1	92	95	4	+	ASN_GLYCOSYLATION
KFQ38853.1	137	140	4	+	CAMP_PHOSPHO_SITE
KFQ38853.1	280	282	3	+	PKC_PHOSPHO_SITE
KFQ38853.1	202	204	3	+	PKC_PHOSPHO_SITE
KFQ38853.1	142	144	3	+	PKC_PHOSPHO_SITE
KFQ38853.1	94	97	4	+	CK2_PHOSPHO_SITE
KFQ38853.1	294	299	6	+	MYRISTYL
KFQ38853.1	269	274	6	+	MYRISTYL
KFQ38853.1	267	272	6	+	MYRISTYL
KFQ38853.1	263	268	6	+	MYRISTYL
KFQ38853.1	185	190	6	+	MYRISTYL
KFQ38853.1	181	186	6	+	MYRISTYL
KFQ38853.1	110	115	6	+	MYRISTYL
KFQ38853.1	8	13	6	+	MYRISTYL
KFQ38853.1	135	138	4	+	AMIDATION
KFQ28029.1	201	204	4	+	ASN_GLYCOSYLATION
KFQ28029.1	93	96	4	+	ASN_GLYCOSYLATION
KFQ28029.1	203	205	3	+	PKC_PHOSPHO_SITE
KFQ28029.1	143	145	3	+	PKC_PHOSPHO_SITE
KFQ28029.1	244	247	4	+	CK2_PHOSPHO_SITE
KFQ28029.1	95	98	4	+	CK2_PHOSPHO_SITE
KFQ28029.1	295	300	6	+	MYRISTYL
KFQ28029.1	270	275	6	+	MYRISTYL
KFQ28029.1	268	273	6	+	MYRISTYL
KFQ28029.1	264	269	6	+	MYRISTYL
KFQ28029.1	186	191	6	+	MYRISTYL
KFQ28029.1	182	187	6	+	MYRISTYL
KFQ28029.1	111	116	6	+	MYRISTYL
KFQ28029.1	9	14	6	+	MYRISTYL
KFQ28029.1	136	139	4	+	AMIDATION
KFQ16131.1	93	96	4	+	ASN_GLYCOSYLATION
KFQ16131.1	138	141	4	+	CAMP_PHOSPHO_SITE
KFQ16131.1	281	283	3	+	PKC_PHOSPHO_SITE
KFQ16131.1	203	205	3	+	PKC_PHOSPHO_SITE
KFQ16131.1	143	145	3	+	PKC_PHOSPHO_SITE
KFQ16131.1	95	98	4	+	CK2_PHOSPHO_SITE
KFQ16131.1	295	300	6	+	MYRISTYL
KFQ16131.1	270	275	6	+	MYRISTYL
KFQ16131.1	268	273	6	+	MYRISTYL
KFQ16131.1	264	269	6	+	MYRISTYL
KFQ16131.1	186	191	6	+	MYRISTYL
KFQ16131.1	182	187	6	+	MYRISTYL
KFQ16131.1	111	116	6	+	MYRISTYL
KFQ16131.1	9	14	6	+	MYRISTYL
KFQ16131.1	136	139	4	+	AMIDATION
KFP87454.1	93	96	4	+	ASN_GLYCOSYLATION
KFP87454.1	138	141	4	+	CAMP_PHOSPHO_SITE
KFP87454.1	281	283	3	+	PKC_PHOSPHO_SITE
KFP87454.1	203	205	3	+	PKC_PHOSPHO_SITE
KFP87454.1	95	98	4	+	CK2_PHOSPHO_SITE
KFP87454.1	270	275	6	+	MYRISTYL
KFP87454.1	268	273	6	+	MYRISTYL
KFP87454.1	264	269	6	+	MYRISTYL
KFP87454.1	186	191	6	+	MYRISTYL
KFP87454.1	182	187	6	+	MYRISTYL
KFP87454.1	111	116	6	+	MYRISTYL
KFP87454.1	9	14	6	+	MYRISTYL
KFP87454.1	136	139	4	+	AMIDATION
KFP28446.1	93	96	4	+	ASN_GLYCOSYLATION
KFP28446.1	138	141	4	+	CAMP_PHOSPHO_SITE
KFP28446.1	281	283	3	+	PKC_PHOSPHO_SITE
KFP28446.1	203	205	3	+	PKC_PHOSPHO_SITE
KFP28446.1	143	145	3	+	PKC_PHOSPHO_SITE
KFP28446.1	95	98	4	+	CK2_PHOSPHO_SITE
KFP28446.1	295	300	6	+	MYRISTYL
KFP28446.1	270	275	6	+	MYRISTYL
KFP28446.1	268	273	6	+	MYRISTYL
KFP28446.1	264	269	6	+	MYRISTYL
KFP28446.1	186	191	6	+	MYRISTYL
KFP28446.1	182	187	6	+	MYRISTYL
KFP28446.1	111	116	6	+	MYRISTYL
KFP28446.1	9	14	6	+	MYRISTYL
KFP28446.1	136	139	4	+	AMIDATION
KFP08967.1	93	96	4	+	ASN_GLYCOSYLATION
KFP08967.1	138	141	4	+	CAMP_PHOSPHO_SITE
KFP08967.1	281	283	3	+	PKC_PHOSPHO_SITE
KFP08967.1	203	205	3	+	PKC_PHOSPHO_SITE
KFP08967.1	143	145	3	+	PKC_PHOSPHO_SITE
KFP08967.1	295	300	6	+	MYRISTYL
KFP08967.1	270	275	6	+	MYRISTYL
KFP08967.1	268	273	6	+	MYRISTYL
KFP08967.1	264	269	6	+	MYRISTYL
KFP08967.1	186	191	6	+	MYRISTYL
KFP08967.1	182	187	6	+	MYRISTYL
KFP08967.1	111	116	6	+	MYRISTYL
KFP08967.1	9	14	6	+	MYRISTYL
KFP08967.1	136	139	4	+	AMIDATION
KFO97556.1	93	96	4	+	ASN_GLYCOSYLATION
KFO97556.1	138	141	4	+	CAMP_PHOSPHO_SITE
KFO97556.1	281	283	3	+	PKC_PHOSPHO_SITE
KFO97556.1	203	205	3	+	PKC_PHOSPHO_SITE
KFO97556.1	143	145	3	+	PKC_PHOSPHO_SITE
KFO97556.1	348	351	4	+	CK2_PHOSPHO_SITE
KFO97556.1	295	300	6	+	MYRISTYL
KFO97556.1	270	275	6	+	MYRISTYL
KFO97556.1	268	273	6	+	MYRISTYL
KFO97556.1	264	269	6	+	MYRISTYL
KFO97556.1	186	191	6	+	MYRISTYL
KFO97556.1	182	187	6	+	MYRISTYL
KFO97556.1	111	116	6	+	MYRISTYL
KFO97556.1	9	14	6	+	MYRISTYL
KFO97556.1	136	139	4	+	AMIDATION
KFO72113.1	93	96	4	+	ASN_GLYCOSYLATION
KFO72113.1	138	141	4	+	CAMP_PHOSPHO_SITE
KFO72113.1	281	283	3	+	PKC_PHOSPHO_SITE
KFO72113.1	203	205	3	+	PKC_PHOSPHO_SITE
KFO72113.1	143	145	3	+	PKC_PHOSPHO_SITE
KFO72113.1	95	98	4	+	CK2_PHOSPHO_SITE
KFO72113.1	295	300	6	+	MYRISTYL
KFO72113.1	270	275	6	+	MYRISTYL
KFO72113.1	268	273	6	+	MYRISTYL
KFO72113.1	264	269	6	+	MYRISTYL
KFO72113.1	186	191	6	+	MYRISTYL
KFO72113.1	182	187	6	+	MYRISTYL
KFO72113.1	111	116	6	+	MYRISTYL
KFO72113.1	9	14	6	+	MYRISTYL
KFO72113.1	136	139	4	+	AMIDATION
KFO52652.1	201	204	4	+	ASN_GLYCOSYLATION
KFO52652.1	93	96	4	+	ASN_GLYCOSYLATION
KFO52652.1	138	141	4	+	CAMP_PHOSPHO_SITE
KFO52652.1	203	205	3	+	PKC_PHOSPHO_SITE
KFO52652.1	143	145	3	+	PKC_PHOSPHO_SITE
KFO52652.1	244	247	4	+	CK2_PHOSPHO_SITE
KFO52652.1	133	136	4	+	CK2_PHOSPHO_SITE
KFO52652.1	95	98	4	+	CK2_PHOSPHO_SITE
KFO52652.1	270	275	6	+	MYRISTYL
KFO52652.1	268	273	6	+	MYRISTYL
KFO52652.1	264	269	6	+	MYRISTYL
KFO52652.1	186	191	6	+	MYRISTYL
KFO52652.1	182	187	6	+	MYRISTYL
KFO52652.1	111	116	6	+	MYRISTYL
KFO52652.1	9	14	6	+	MYRISTYL
KFO52652.1	136	139	4	+	AMIDATION
KFV67652.1	93	96	4	+	ASN_GLYCOSYLATION
KFV67652.1	281	283	3	+	PKC_PHOSPHO_SITE
KFV67652.1	203	205	3	+	PKC_PHOSPHO_SITE
KFV67652.1	143	145	3	+	PKC_PHOSPHO_SITE
KFV67652.1	295	300	6	+	MYRISTYL
KFV67652.1	268	273	6	+	MYRISTYL
KFV67652.1	264	269	6	+	MYRISTYL
KFV67652.1	186	191	6	+	MYRISTYL
KFV67652.1	182	187	6	+	MYRISTYL
KFV67652.1	151	156	6	+	MYRISTYL
KFV67652.1	111	116	6	+	MYRISTYL
KFV67652.1	9	14	6	+	MYRISTYL
KFV67652.1	136	139	4	+	AMIDATION
XP_008936739.1	204	207	4	+	ASN_GLYCOSYLATION
XP_008936739.1	96	99	4	+	ASN_GLYCOSYLATION
XP_008936739.1	206	208	3	+	PKC_PHOSPHO_SITE
XP_008936739.1	146	148	3	+	PKC_PHOSPHO_SITE
XP_008936739.1	247	250	4	+	CK2_PHOSPHO_SITE
XP_008936739.1	98	101	4	+	CK2_PHOSPHO_SITE
XP_008936739.1	3	6	4	+	CK2_PHOSPHO_SITE
XP_008936739.1	298	303	6	+	MYRISTYL
XP_008936739.1	273	278	6	+	MYRISTYL
XP_008936739.1	271	276	6	+	MYRISTYL
XP_008936739.1	267	272	6	+	MYRISTYL
XP_008936739.1	189	194	6	+	MYRISTYL
XP_008936739.1	185	190	6	+	MYRISTYL
XP_008936739.1	114	119	6	+	MYRISTYL
XP_008936739.1	12	17	6	+	MYRISTYL
XP_008936739.1	139	142	4	+	AMIDATION
KFM01312.1	96	99	4	+	ASN_GLYCOSYLATION
KFM01312.1	141	144	4	+	CAMP_PHOSPHO_SITE
KFM01312.1	284	286	3	+	PKC_PHOSPHO_SITE
KFM01312.1	146	148	3	+	PKC_PHOSPHO_SITE
KFM01312.1	98	101	4	+	CK2_PHOSPHO_SITE
KFM01312.1	298	303	6	+	MYRISTYL
KFM01312.1	273	278	6	+	MYRISTYL
KFM01312.1	271	276	6	+	MYRISTYL
KFM01312.1	267	272	6	+	MYRISTYL
KFM01312.1	189	194	6	+	MYRISTYL
KFM01312.1	185	190	6	+	MYRISTYL
KFM01312.1	114	119	6	+	MYRISTYL
KFM01312.1	12	17	6	+	MYRISTYL
KFM01312.1	139	142	4	+	AMIDATION
